Risk,Recommendation
Diabetes,"Maintain a balanced diet with limited sugar and refined carbohydrates; focus on whole grains, vegetables, and lean protein."
Diabetes,Engage in regular physical activity (at least 150 minutes per week) to improve blood sugar control and insulin sensitivity.
Diabetes,Monitor weight and attend regular health checkups to detect early changes in blood glucose levels.
Blood Pressure,Reduce salt intake and eat more fruits and vegetables to help maintain healthy blood pressure levels.
Blood Pressure,Stay physically active and maintain a healthy body weight to reduce cardiovascular strain.
Blood Pressure,"Avoid tobacco and limit alcohol consumption, as both can raise blood pressure."
Chronic Disease,Follow your prescribed treatment plan consistently and attend regular medical follow‑ups.
Chronic Disease,"Adopt healthy daily habits such as proper nutrition, regular exercise, stress management, and adequate sleep."
Chronic Disease,Learn self‑management skills to better monitor symptoms and prevent complications.
Transplant History,"Practice strict infection‑prevention measures, including frequent handwashing and avoiding exposure to infectious environments."
Transplant History,Take prescribed medications exactly as directed to prevent organ rejection and complications.
Transplant History,Attend regular follow‑ups with the transplant care team and report any unusual symptoms promptly.
Family Cancer History,Follow recommended cancer screening schedules and consider earlier or more frequent screening if advised.
Family Cancer History,"Maintain a healthy lifestyle by avoiding tobacco, limiting alcohol, staying active, and maintaining a healthy weight."
Family Cancer History,Discuss family history with a healthcare provider to assess genetic risk and preventive options.
Allergies,"Identify and avoid known allergy triggers such as specific foods, pollen, dust, or pet dander."
Allergies,Keep indoor environments clean and well‑ventilated to reduce exposure to allergens.
Allergies,Seek medical advice if symptoms worsen or do not improve with basic avoidance measures.
